{
    "$schema": "https://go.kicad.org/pcm/schemas/v1",
    "name": "Place Footprints",
    "description": "Arrange footprints on a line, circle or grid.",
    "description_full": "Arrange sequentially numbered footprints or footprints from multiple hierarchical sheets in linear, circular or matrix arrangement. This plugin works on footprints already present in the layout, so that layout and schematics stay in sync.\nThe placement of footprints from multiple hierarchical sheets works well together with ReplicateLayout plugin",
    "identifier": "com.github.MitjaNemec.PlaceFootprints",
    "type": "plugin",
    "author": {
        "name": "Mitja Nemec",
        "contact": {
            "github": "https://github.com/MitjaNemec"
        }
    },
    "license": "GPL-2.0",
    "resources": {
        "homepage": "https://github.com/MitjaNemec/PlaceFootprints"
    },
    "tags": [
        "pcbnew",
        "footprints",
        "arrange"
    ],
    "versions": [ 
        {
            "version": "4.0.1",
            "status": "stable",
            "kicad_version": "9.0",
            "kicad_version_max": "9.1",
            "platforms": [
                "linux",
                "macos",
                "windows"
            ]
        }
    ]
}

